Title,Link,Edition Format,ISBN
Ultra-Processed People: Why Do We All Eat Stuff That Isn’t Food … and Why Can’t We Stop?,amazon.co.uk/Ultra-Processed-People-Stuff-That-Isnt/dp/1529900050/ref=zg_bs_g_books_sccl_1/258-3226909-9767259?psc=1,Hardcover,1472223845
Pinch of Nom Enjoy: Great-tasting Food For Every Day,amazon.co.uk/Pinch-Nom-Enjoy-Kay-Allinson/dp/1529062268/ref=zg_bs_g_books_sccl_2/258-3226909-9767259?psc=1,Hardcover,
One: Simple One-Pan Wonders,amazon.co.uk/One-One-Pan-Wonders-Jamie-Oliver/dp/0241431107/ref=zg_bs_g_books_sccl_3/258-3226909-9767259?psc=1,Hardcover,1472223845
"Pinch of Nom Budget: Affordable, Delicious Food",amazon.co.uk/Pinch-Nom-Budget-Affordable-Delicious/dp/1035022176/ref=zg_bs_g_books_sccl_4/258-3226909-9767259?psc=1,Paperback,1472223888
Bored of Lunch: The Healthy Air Fryer Book: THE NO.1 BESTSELLER,amazon.co.uk/Bored-Lunch-Healthy-Fryer-Book/dp/1529903521/ref=zg_bs_g_books_sccl_5/258-3226909-9767259?psc=1,Hardcover,
Lessons in Chemistry: The No. 1 Sunday Times bestseller and BBC Between the Covers Book Club pick,amazon.co.uk/Lessons-Chemistry-Sunday-bestseller-Between/dp/1804990922/ref=zg_bs_g_books_sccl_6/258-3226909-9767259?psc=1,Paperback,
"It Ends With Us: The emotional #1 Sunday Times bestseller (Lily & Atlas, 1)",amazon.co.uk/Ends-Us-Colleen-Hoover/dp/1471156265/ref=zg_bs_g_books_sccl_7/258-3226909-9767259?psc=1,Paperback,
It Starts with Us: the highly anticipated sequel to IT ENDS WITH US,amazon.co.uk/Starts-Us-highly-anticipated-sequel/dp/1398518204/ref=zg_bs_g_books_sccl_8/258-3226909-9767259?psc=1,Paperback,
"Tomorrow, and Tomorrow, and Tomorrow: The smash-hit Sunday Times bestseller",amazon.co.uk/Tomorrow-smash-hit-Sunday-Times-bestseller/dp/152911554X/ref=zg_bs_g_books_sccl_9/258-3226909-9767259?psc=1,Paperback,
Never Never: TikTok made me buy it! The Sunday Times bestselling romantic thriller from BookTok sensation and bestselling author of It Ends with Us and bestselling author of The Wives,amazon.co.uk/Never-bestselling-romantic-thriller-sensation/dp/0008620482/ref=zg_bs_g_books_sccl_10/258-3226909-9767259?psc=1,Paperback,
Verity: The thriller that will capture your heart and blow your mind,amazon.co.uk/Verity-thriller-that-capture-heart/dp/1408726602/ref=zg_bs_g_books_sccl_11/258-3226909-9767259?psc=1,Paperback,
Atomic Habits: the life-changing million-copy #1 bestseller,amazon.co.uk/Atomic-Habits-Proven-Build-Break/dp/1847941834/ref=zg_bs_g_books_sccl_12/258-3226909-9767259?psc=1,Paperback,
"The Marriage Portrait: the Instant Sunday Times Bestseller, Shortlisted for the Women's Prize for Fiction 2023",amazon.co.uk/Marriage-Portrait-Instant-Bestseller-Shortlisted/dp/1472223888/ref=zg_bs_g_books_sccl_13/258-3226909-9767259?psc=1,Paperback,
Yellowface: The instant #1 Sunday Times bestseller and Reese Witherspoon Book Club pick from author R.F. Kuang,amazon.co.uk/Yellowface-book-year-landed-hands/dp/000853277X/ref=zg_bs_g_books_sccl_14/258-3226909-9767259?psc=1,Hardcover,
Where's Spidey?: A Marvel Spider-Man search & find book,amazon.co.uk/Wheres-Spidey-Spider-Man-search-find/dp/1800783019/ref=zg_bs_g_books_sccl_15/258-3226909-9767259?psc=1,Paperback,
Demon Copperhead: Winner of the Women's Prize for Fiction,amazon.co.uk/Demon-Copperhead-Without-doubt-Atkinson/dp/0571376487/ref=zg_bs_g_books_sccl_16/258-3226909-9767259?psc=1,Paperback,
The Bullet That Missed: (The Thursday Murder Club 3),amazon.co.uk/Bullet-That-Missed-Thursday-Murder/dp/0241992389/ref=zg_bs_g_books_sccl_17/258-3226909-9767259?psc=1,Paperback,
"Lottie Brooks's Totally Disastrous School-Trip (Lottie Brooks, 4)",amazon.co.uk/Lottie-Brooks-book/dp/0241562058/ref=zg_bs_g_books_sccl_18/258-3226909-9767259?psc=1,Paperback,
"The World’s Worst Monsters: A new fiercely funny fantastical illustrated book of stories for kids, the latest from the bestselling author of Robodog",amazon.co.uk/Worlds-Worst-Monsters-fantastical-illustrated/dp/0008305811/ref=zg_bs_g_books_sccl_19/258-3226909-9767259?psc=1,Hardcover,
The official highway code,amazon.co.uk/official-highway-Driver-Vehicle-Standards/dp/0115539956/ref=zg_bs_g_books_sccl_20/258-3226909-9767259?psc=1,Paperback,
"Logic Workbook for Gritty Kids: Spatial reasoning, math puzzles, word games, logic problems, activities, two-player games. (The Gritty Little Lamb ... & STEM skills in kids ages 6, 7, 8, 9,",amazon.co.uk/Logic-Workbook-Gritty-Kids-activities/dp/1735770833/ref=zg_bs_g_books_sccl_21/258-3226909-9767259?psc=1,Paperback,
Why Has Nobody Told Me This Before?: The No 1 Sunday Times Bestseller 2022,amazon.co.uk/Why-Nobody-Told-This-Before/dp/0241529719/ref=zg_bs_g_books_sccl_22/258-3226909-9767259?psc=1,Hardcover,
Bored of Lunch: The Healthy Slow Cooker Book: THE NUMBER ONE BESTSELLER,amazon.co.uk/Bored-Lunch-Healthy-Slow-Cooker/dp/1529903548/ref=zg_bs_g_books_sccl_23/258-3226909-9767259?psc=1,Hardcover,
The Satsuma Complex,amazon.co.uk/Satsuma-Complex-Bob-Mortimer/dp/139852123X/ref=zg_bs_g_books_sccl_24/258-3226909-9767259?psc=1,Paperback,
The Secret Life of an Uncool Mum: The most funny Sunday Times bestselling debut novel about motherhood you’ll read this year,amazon.co.uk/Mammy-Banter-TikTok-bestselling-motherhood/dp/0008512965/ref=zg_bs_g_books_sccl_25/258-3226909-9767259?psc=1,Paperback,
Hack Your Hormones: The Number One Sunday Times Bestseller,amazon.co.uk/Hack-Your-Hormones-Effortless-energy/dp/1398709611/ref=zg_bs_g_books_sccl_26/258-3226909-9767259?psc=1,Paperback,
The Lost Bookshop: The most charming and uplifting novel of 2023 and the perfect gift for book lovers!,amazon.co.uk/Lost-Bookshop-charming-uplifting-perfect/dp/0008609217/ref=zg_bs_g_books_sccl_27/258-3226909-9767259?psc=1,Paperback,
Richard Osman,amazon.co.uk/Last-Devil-Die-Thursday-Murder/dp/0241512441/ref=zg_bs_g_books_sccl_28/258-3226909-9767259?psc=1,Hardcover,
Too Late: the darkest thriller of the year,amazon.co.uk/Too-Late-darkest-thriller-year/dp/1408729466/ref=zg_bs_g_books_sccl_29/258-3226909-9767259?psc=1,Paperback,
Bluey: Where's Bluey?: A Search-and-Find Book,amazon.co.uk/Bluey-Wheres-Search-Find-Book/dp/0241558573/ref=zg_bs_g_books_sccl_30/258-3226909-9767259?psc=1,Paperback,
"The Glucose Goddess Method: Your four-week guide to cutting cravings, getting your energy back, and feeling amazing. With 100+ super easy recipes",amazon.co.uk/Glucose-Goddess-Method-four-week-cravings/dp/1915780004/ref=zg_bs_g_books_sccl_31/258-3226909-9767259?psc=1,Paperback,
Ugly Love: a novel,amazon.co.uk/Ugly-Love-Colleen-Hoover/dp/1471136728/ref=zg_bs_g_books_sccl_32/258-3226909-9767259?psc=1,Paperback,
The Guilty Couple: The must-read Richard & Judy Book Club pick for 2023 from the Sunday Times million-copy crime thriller bestseller,amazon.co.uk/Guilty-Couple-nail-biting-unputdownable-million-copy/dp/0008379297/ref=zg_bs_g_books_sccl_34/258-3226909-9767259?psc=1,Paperback,
The Thursday Murder Club: (The Thursday Murder Club 1),amazon.co.uk/Thursday-Murder-Club-Record-Breaking-Bestseller/dp/0241988268/ref=zg_bs_g_books_sccl_35/258-3226909-9767259?psc=1,Paperback,
The Summer I Turned Pretty: Now a major TV series on Amazon Prime,amazon.co.uk/Summer-Turned-Pretty-major-Amazon/dp/0241599199/ref=zg_bs_g_books_sccl_37/258-3226909-9767259?psc=1,Paperback,
"A Good Girl's Guide to Murder: TikTok made me buy it! The first book in the bestselling thriller trilogy, as seen in Netflix’s Heartstopper! (A Good Girl’s Guide to Murder, Book 1)",amazon.co.uk/Good-Girls-Guide-Murder/dp/1405293187/ref=zg_bs_g_books_sccl_38/258-3226909-9767259?psc=1,Paperback,
A Court of Thorns and Roses: The hottest Tiktok sensation,amazon.co.uk/Court-Thorns-Roses-Sarah-Maas/dp/1526605392/ref=zg_bs_g_books_sccl_39/258-3226909-9767259?psc=1,Paperback,
Violeta: 'Storytelling at its best' – Woman & Home,amazon.co.uk/Violeta-instant-Sunday-Times-bestseller/dp/1526648369/ref=zg_bs_g_books_sccl_40/258-3226909-9767259?psc=1,Paperback,
Fourth Wing: Discover TikTok's newest fantasy romance obsession with this BBC Radio 2 Book Club Pick! (The Empyrean),amazon.co.uk/Fourth-Wing-Discover-obsession-Empyrean/dp/0349436991/ref=zg_bs_g_books_sccl_41/258-3226909-9767259?psc=1,Hardcover,
"The Boy, The Mole, The Fox and The Horse",amazon.co.uk/Boy-Mole-Fox-Horse/dp/1529105102/ref=zg_bs_g_books_sccl_42/258-3226909-9767259?psc=1,Hardcover,
"The Maid: The Sunday Times and No.1 New York Times bestseller, and Winner of the Goodreads Choice Awards for best mystery thriller",amazon.co.uk/Maid-instant-bestseller-gripping-everyones/dp/0008435766/ref=zg_bs_g_books_sccl_43/258-3226909-9767259?psc=1,Paperback,
A Little Life: The Million-Copy Bestseller,amazon.co.uk/Little-Life-Shortlisted-Booker-Prize/dp/1447294831/ref=zg_bs_g_books_sccl_44/258-3226909-9767259?psc=1,Paperback,
Where the Crawdads Sing: Delia Owens,amazon.co.uk/Where-Crawdads-Sing-Delia-Owens/dp/1472154665/ref=zg_bs_g_books_sccl_45/258-3226909-9767259?psc=1,Paperback,
"Seven Husbands of Evelyn Hugo: The Sunday Times Bestseller (California dream (crossover) serie, 1)",amazon.co.uk/Seven-Husbands-Evelyn-Hugo-Bestseller/dp/1398515698/ref=zg_bs_g_books_sccl_46/258-3226909-9767259?psc=1,Paperback,
The Man Who Died Twice: (The Thursday Murder Club 2),amazon.co.uk/Died-Twice-Thursday-Murder-Club/dp/0241988241/ref=zg_bs_g_books_sccl_47/258-3226909-9767259?psc=1,Paperback,
Icebreaker,amazon.co.uk/Icebreaker-Hannah-Grace/dp/1398525685/ref=zg_bs_g_books_sccl_48/258-3226909-9767259?psc=1,Paperback,
Carrie Soto Is Back: From the author of the Daisy Jones and the Six hit TV series,amazon.co.uk/Carrie-Soto-Back-author-Daisy/dp/1804940879/ref=zg_bs_g_books_sccl_50/258-3226909-9767259?psc=1,Paperback,
