product_availability,product_category,product_name,product_original_price,product_sale_price
,,,,
,,,,
,,,,
,,,,
product_availability,product_category,product_name,product_original_price,product_sale_price
,,,,
,,,,
,,,,
,,,,
product_availability,product_category,product_name,product_original_price,product_sale_price
,,,,
,,,,
,,,,
,,,,
product_availability,product_category,product_name,product_original_price,product_sale_price
,,,,
,,,,
,,,,
,,,,
product_availability,product_category,product_name,product_original_price,product_sale_price
,,,,
,,,,
,,,,
,,,,
product_availability,product_category,product_name,product_original_price,product_sale_price
,,,,
,,,,
,,,,
,,,,
product_availability,product_category,product_name,product_original_price,product_sale_price
,,,,
,,,,
,,,,
,,,,
product_availability,product_category,product_name,product_original_price,product_sale_price
,,,,
,,,,
,,,,
,,,,
product_availability,product_category,product_name,product_original_price,product_sale_price
,,,,
,,,,
,,,,
,,,,
product_availability,product_category,product_name,product_original_price,product_sale_price
,,,,
,,,,
,,,,
,,,,
product_availability,product_category,product_name,product_original_price,product_sale_price
,,,,
product_availability,product_category,product_name,product_original_price,product_sale_price
,,,,
product_availability,product_category,product_name,product_original_price,product_sale_price
,,,,
